type,vector_count,data_source,insertion_time,memory_usage,avg_query_time
In-Memory,1000,측정값,0.30721616744995117,14.765625,1.0665225982666016
In-Memory,5000,측정값,2.2003440856933594,33.203125,1.3867473602294922
In-Memory,10000,측정값,5.376337289810181,49.578125,1.5610790252685547
In-Memory,50000,측정값,32.98404788970947,281.015625,2.0127248764038086
Disk,1000,참조값,0.5529891014099121,5.90625,2.666306495666504
Disk,5000,참조값,3.960619354248047,13.28125,3.4668684005737305
Disk,10000,참조값,9.677407121658325,19.83125,3.9026975631713867
Disk,50000,참조값,59.371286201477055,112.40625,5.0318121910095215
